Nombre del vehículo,Velocidad Máxima (Km/h),Aceleración 0 a 100 Km/h (seg),Rango (Km),Carga rápida (Km/h),Europa (€)
Tesla Model 3,201.0,6.1,415.0,690.0,42651.0
Tesla Model 3 Long Range Dual Motor,201.0,4.4,500.0,770.0,51651.0
BYD ATTO 3,160.0,7.3,330.0,370.0,38058.333333333336
Tesla Model Y Long Range Dual Motor,217.0,5.0,435.0,670.0,52483.333333333336
Tesla Model Y,217.0,6.9,350.0,580.0,44983.333333333336
MG MG4 Electric 64 kWh,160.0,7.9,360.0,630.0,35090.0
BYD SEAL 82.5 kWh AWD Excellence,180.0,3.8,490.0,540.0,50225.0
BMW i4 eDrive40,190.0,5.7,515.0,800.0,60027.333333333336
BYD DOLPHIN 60.4 kWh,160.0,7.0,340.0,340.0,32891.666666666664
BMW iX xDrive40,200.0,6.1,360.0,480.0,77401.0
Volkswagen ID.4 Pro,180.0,6.7,435.0,650.0,47453.333333333336
Citroen e-C3,135.0,11.0,265.0,340.0,22863.333333333332
BYD HAN,180.0,3.9,475.0,450.0,69505.0
Volvo EX30 Single Motor ER,180.0,5.3,365.0,610.0,40610.0
Tesla Model Y Performance,250.0,3.7,415.0,640.0,58816.666666666664
Kia Niro EV,167.0,7.8,385.0,390.0,40993.333333333336
Hyundai Kona Electric 65 kWh,170.0,7.8,390.0,400.0,43260.0
BYD SEAL 82.5 kWh RWD Design,180.0,5.9,500.0,550.0,45558.333333333336
Tesla Model S Plaid,282.0,2.3,560.0,780.0,107321.0
Rolls-Royce Spectre,250.0,4.5,465.0,540.0,368430.0
Dacia Spring Electric 45,125.0,19.1,165.0,180.0,22550.0
BMW iX3,180.0,6.8,385.0,520.0,67642.33333333333
Tesla Model S Dual Motor,250.0,3.2,575.0,800.0,92321.0
BYD TANG,180.0,4.6,355.0,420.0,70695.0
Honda e:Ny1,160.0,7.6,335.0,300.0,47111.666666666664
Hongqi E-HS9 99 kWh,200.0,4.9,370.0,430.0,79995.0
Renault Scenic E-Tech EV87 220hp,170.0,7.9,490.0,510.0,45955.0
BMW iX1 xDrive30,180.0,5.6,380.0,510.0,53438.333333333336
Fiat 500e Hatchback 42 kWh,150.0,9.0,235.0,390.0,33558.333333333336
Audi Q6 e-tron quattro,210.0,5.9,460.0,920.0,74558.33333333333
Skoda Enyaq 85,180.0,6.7,450.0,670.0,47810.0
BYD SEAL U 71.8 kWh Comfort,175.0,9.3,340.0,320.0,42990.0
Kia EV6 Long Range 2WD,185.0,7.3,410.0,1070.0,49410.0
MG ZS EV Long Range,175.0,8.4,370.0,420.0,37056.666666666664
BMW i4 eDrive35,190.0,6.0,430.0,580.0,55285.666666666664
Renault Megane E-Tech EV60 220hp,160.0,7.4,380.0,530.0,40988.333333333336
BMW i4 M50,225.0,3.9,450.0,700.0,72890.33333333333
Fisker Ocean Extreme,205.0,3.9,520.0,620.0,61693.333333333336
Tesla Model Y,217.0,6.9,350.0,810.0,44983.333333333336
Kia EV9 99.8 kWh AWD,200.0,6.0,435.0,830.0,73992.5
CUPRA Born 150 kW - 58 kWh,160.0,7.3,350.0,470.0,37594.666666666664
Toyota bZ4X FWD,160.0,7.5,340.0,510.0,46531.666666666664
Lucid Air Grand Touring,270.0,3.0,665.0,840.0,130500.0
Volkswagen ID.7 Pro,180.0,6.5,475.0,730.0,56851.666666666664
BMW i7 xDrive60,240.0,4.7,510.0,760.0,133107.66666666666
Nissan Leaf,144.0,7.9,235.0,230.0,32495.0
Hyundai IONIQ 5 Long Range 2WD,185.0,7.3,390.0,1020.0,49246.666666666664
MG MG4 Electric 51 kWh,160.0,7.7,300.0,380.0,31423.333333333332
Hyundai IONIQ 6 Long Range 2WD,185.0,7.4,495.0,1290.0,50645.0
Renault 5 E-Tech 52kWh 150hp,150.0,7.5,330.0,420.0,30666.666666666668
Mercedes-Benz EQB 250+,160.0,8.9,415.0,560.0,53760.0
Zeekr 001 Performance AWD,200.0,3.8,500.0,670.0,63730.0
Volkswagen ID.3 Pro,160.0,7.3,350.0,450.0,40700.0
Renault Zoe ZE50 R110,135.0,11.4,315.0,230.0,35867.5
BMW iX1 eDrive20,170.0,8.3,390.0,520.0,47227.0
Porsche Macan 4 Electric,220.0,5.2,485.0,970.0,80933.0
Kia EV6 GT,260.0,3.5,360.0,940.0,68310.0
BMW iX xDrive50,200.0,4.6,505.0,680.0,102650.66666666667
Zeekr 001 Long Range RWD,200.0,7.2,525.0,710.0,60730.0
CUPRA Born 170 kW - 77 kWh,160.0,7.0,450.0,630.0,45138.0
Ford Explorer Extended Range RWD,180.0,6.4,430.0,640.0,47108.333333333336
Volkswagen ID. Buzz Pro,145.0,10.2,345.0,480.0,63218.666666666664
Volvo EX30 Single Motor,180.0,5.7,280.0,430.0,35726.666666666664
Hyundai IONIQ 6 Long Range AWD,185.0,5.1,440.0,1150.0,57011.666666666664
Audi Q8 e-tron 55 quattro,200.0,5.6,505.0,640.0,82028.33333333333
Hyundai IONIQ 5 N,260.0,3.4,385.0,950.0,71298.33333333333
Opel Astra Electric,170.0,9.2,320.0,510.0,39928.0
Mercedes-Benz EQS 450+,210.0,6.1,635.0,950.0,111135.5
BMW i5 eDrive40 Sedan,193.0,6.0,470.0,750.0,73959.0
Nissan Ariya 87kWh,160.0,7.6,450.0,540.0,50541.666666666664
Polestar 2 Long Range Single Motor,205.0,6.2,470.0,700.0,50041.666666666664
Peugeot e-3008 73 kWh,170.0,8.7,385.0,440.0,47563.333333333336
Volkswagen ID.7 Pro S,180.0,7.0,520.0,800.0,59666.666666666664
Audi Q4 e-tron 45,180.0,6.7,420.0,630.0,52853.333333333336
Mercedes-Benz EQA 250,160.0,8.6,395.0,570.0,50777.0
Hyundai IONIQ 5 Long Range AWD,185.0,5.1,385.0,1010.0,56880.0
Ford Explorer Extended Range AWD,180.0,5.3,430.0,690.0,53808.333333333336
Kia EV6 Long Range AWD,185.0,5.2,400.0,1050.0,55906.666666666664
Citroen e-C4,150.0,9.7,290.0,460.0,35288.333333333336
Jeep Avenger Electric,150.0,9.0,310.0,500.0,37400.0
Mazda MX-30,140.0,9.7,170.0,170.0,34560.0
Fisker Ocean Ultra,200.0,4.2,535.0,640.0,56263.333333333336
Volvo EX30 Twin Motor Performance,180.0,3.6,360.0,600.0,46493.333333333336
Peugeot e-3008 98 kWh Long Range,170.0,8.9,510.0,660.0,54000.0
Kia EV9 99.8 kWh AWD GT-Line,200.0,5.3,425.0,810.0,78173.33333333333
Smart #1 Pro+,180.0,6.7,335.0,520.0,40458.333333333336
NIO ET5 100 kWh,200.0,4.0,500.0,520.0,70100.0
Smart #1 Brabus,180.0,3.9,325.0,500.0,47111.666666666664
NIO ET7 75 kWh,200.0,3.8,400.0,600.0,83400.0
Lotus Eletre,250.0,4.5,495.0,1040.0,95495.0
Zeekr X Privilege AWD,180.0,3.8,345.0,580.0,49480.0
Subaru Solterra AWD,160.0,6.9,320.0,480.0,54626.666666666664
Mini Countryman E,170.0,8.6,380.0,510.0,43023.333333333336
MG MG4 Electric 77 kWh,180.0,6.5,425.0,430.0,41256.666666666664
Tesla Model X Dual Motor,250.0,3.9,475.0,660.0,102321.0
BMW iX2 xDrive30,180.0,5.6,380.0,510.0,57765.0
Hyundai IONIQ 5 Standard Range 2WD,185.0,8.5,295.0,720.0,45546.666666666664
MG MG5 Electric Long Range,185.0,7.7,335.0,330.0,36123.333333333336
Hyundai IONIQ 6 Standard Range 2WD,185.0,8.8,365.0,900.0,44897.5
Dacia Spring Electric 45,125.0,19.1,165.0,180.0,17315.0
Skoda Enyaq Coupe 85,180.0,6.7,480.0,720.0,50193.333333333336
BYD DOLPHIN 44.9 kWh Active,150.0,10.0,255.0,260.0,27996.666666666668
Lexus RZ 450e,160.0,5.6,320.0,480.0,66665.0
Mercedes-Benz EQA 250+,160.0,8.6,420.0,500.0,51500.333333333336
Volkswagen ID.7 Tourer GTX,180.0,6.0,480.0,770.0,65000.0
BYD SEAL U 87 kWh Design,175.0,9.6,405.0,370.0,45990.0
Volvo EX40 Single Motor ER,180.0,7.3,400.0,600.0,51730.0
Polestar 2 Standard Range Single Motor,205.0,6.4,405.0,480.0,45391.666666666664
Volkswagen ID. Buzz GTX,160.0,6.5,335.0,520.0,73333.33333333333
Kia EV9 99.8 kWh RWD,185.0,9.4,450.0,850.0,68493.33333333333
MG MG4 Electric XPOWER,200.0,3.8,320.0,560.0,41923.333333333336
Skoda Enyaq 60,160.0,8.7,335.0,450.0,42720.0
Opel Mokka-e 50 kWh,150.0,9.2,260.0,420.0,38086.333333333336
Polestar 4 Long Range Dual Motor,200.0,3.8,465.0,630.0,70330.0
Porsche Macan Turbo Electric,260.0,3.3,480.0,960.0,110200.0
Renault Zoe ZE50 R135,140.0,9.5,310.0,230.0,34676.666666666664
Lancia Ypsilon,150.0,8.5,305.0,470.0,40000.0
Volkswagen ID.7 Tourer Pro,180.0,6.6,460.0,710.0,56928.333333333336
Maxus MIFA 9,180.0,9.2,365.0,420.0,67140.0
Tesla Model X Plaid,262.0,2.8,455.0,630.0,117321.0
Mercedes-Benz EQE 350+,210.0,6.4,530.0,790.0,82028.0
Toyota bZ4X AWD,160.0,6.9,315.0,470.0,54298.333333333336
Audi Q8 e-tron Sportback 55 quattro,200.0,5.6,525.0,660.0,84411.66666666667
BMW i5 M60 xDrive Sedan,230.0,3.8,420.0,670.0,101890.66666666667
Ford Mustang Mach-E ER RWD,180.0,7.0,480.0,420.0,57576.666666666664
Porsche Taycan Plus,230.0,4.8,560.0,1230.0,103740.66666666667
Mini Cooper SE,170.0,6.7,310.0,440.0,36796.666666666664
Smart #3 Brabus,180.0,3.7,330.0,510.0,48961.666666666664
Mercedes-Benz EQS 580 4MATIC,210.0,4.3,590.0,880.0,157765.0
Polestar 4 Long Range Single Motor,180.0,7.4,495.0,670.0,62663.333333333336
Hyundai Kona Electric 48 kWh,160.0,8.8,295.0,280.0,38993.333333333336
Volkswagen ID.7 Tourer Pro S,180.0,7.0,505.0,810.0,60666.666666666664
Mercedes-Benz EQE 300,210.0,7.3,525.0,660.0,68641.66666666667
Porsche Taycan,230.0,4.8,485.0,1070.0,98333.33333333333
Mercedes-Benz EQB 350 4MATIC,160.0,6.2,345.0,500.0,61578.333333333336
Fiat 600e,150.0,9.0,305.0,490.0,35158.333333333336
Ford Mustang Mach-E ER AWD,180.0,5.8,445.0,390.0,66081.66666666667
MG ZS EV Standard Range,175.0,8.6,265.0,250.0,33456.666666666664
Peugeot e-208 50 kWh,150.0,9.0,290.0,460.0,35331.666666666664
Lotus Eletre R,260.0,2.9,455.0,950.0,142461.66666666666
Peugeot e-5008 73 kWh,170.0,9.0,370.0,430.0,50666.666666666664
Dacia Spring Electric 65 Extreme,125.0,13.7,160.0,170.0,24550.0
Peugeot e-2008 54 kWh,150.0,9.1,300.0,480.0,39023.333333333336
Polestar 2 Long Range Dual Motor,205.0,4.5,450.0,670.0,53475.0
Fisker Ocean Sport,160.0,7.4,360.0,480.0,41596.666666666664
Volkswagen ID.5 Pro,180.0,6.7,455.0,680.0,51300.0
Volvo EX40 Single Motor,180.0,7.3,345.0,530.0,47313.333333333336
Peugeot e-308,170.0,9.8,300.0,450.0,42953.333333333336
Volkswagen ID.3 Pro S - 4 Seats,160.0,7.9,455.0,680.0,46151.666666666664
Nissan Leaf e+,157.0,6.9,340.0,240.0,41100.0
Voyah Free 106 kWh,200.0,4.4,480.0,360.0,74150.0
BMW iX M60,250.0,3.8,485.0,650.0,132419.33333333334
XPENG P7 Wing Edition,200.0,4.1,455.0,730.0,70394.0
Peugeot e-5008 98 kWh Long Range,170.0,9.7,490.0,640.0,58333.333333333336
Peugeot e-208 51 kWh,150.0,8.2,310.0,480.0,36631.666666666664
VinFast VF 9 Extended Range,200.0,6.5,520.0,520.0,90545.0
CUPRA Born VZ,160.0,5.7,460.0,690.0,49000.0
Volvo EX40 Twin Motor,180.0,4.8,385.0,570.0,58697.5
Kia EV6 Standard Range 2WD,185.0,8.5,305.0,750.0,45242.5
Porsche Taycan Turbo GT,290.0,2.3,475.0,1050.0,225400.0
Lucid Air Touring,250.0,3.2,580.0,970.0,100500.0
Audi Q8 e-tron 50 quattro,200.0,6.0,425.0,660.0,71195.0
MG Marvel R,200.0,7.9,365.0,400.0,45737.5
CUPRA Tavascan VZ,180.0,5.6,430.0,640.0,57666.666666666664
Nissan Ariya 63kWh,160.0,7.5,335.0,450.0,44041.666666666664
Jaguar I-Pace EV400,200.0,4.8,380.0,360.0,85948.33333333333
GWM ORA 3 48 kWh,160.0,8.3,260.0,240.0,35492.5
Citroen e-C4 X,150.0,9.7,285.0,460.0,36071.666666666664
Opel Corsa Electric 50 kWh,150.0,8.7,295.0,470.0,34031.333333333336
Skoda Enyaq 85x,180.0,6.6,440.0,660.0,49877.5
Volkswagen ID.3 GTX,180.0,6.0,460.0,690.0,49000.0
BMW iX2 eDrive20,170.0,8.6,395.0,530.0,50330.333333333336
Audi SQ6 e-tron,230.0,4.3,445.0,890.0,95583.33333333333
Audi Q4 e-tron 45 quattro,180.0,6.6,395.0,590.0,54663.333333333336
Volkswagen ID.4 Pro 4MOTION,180.0,6.6,425.0,630.0,50505.0
Polestar 3 Long Range Dual motor,210.0,5.0,490.0,640.0,82813.33333333333
XPENG G9 RWD Long Range,200.0,6.4,480.0,1120.0,62394.0
Ford Explorer Standard Range RWD,160.0,9.0,280.0,350.0,41275.0
Volkswagen ID.4 GTX,180.0,5.4,420.0,630.0,56036.666666666664
BMW i5 eDrive40 Touring,193.0,6.1,455.0,730.0,73922.33333333333
Volvo EC40 Single Motor ER,180.0,7.3,420.0,630.0,54996.666666666664
Volkswagen ID.4 Pure,160.0,9.0,285.0,360.0,42662.5
XPENG G9 RWD Standard Range,200.0,6.4,395.0,830.0,58394.0
Lotus Emeya,250.0,4.2,530.0,1230.0,104113.33333333333
XPENG P7 RWD Long Range,200.0,6.7,495.0,800.0,50394.0
Aiways U5,150.0,7.5,315.0,380.0,41256.5
NIO ET7 100 kWh,200.0,3.8,505.0,530.0,92400.0
Mercedes-Benz EQB 300 4MATIC,160.0,8.0,345.0,500.0,58449.0
Genesis GV60 Premium,185.0,7.8,390.0,1020.0,53905.0
Volvo EX90 Twin Motor,180.0,5.9,465.0,610.0,92316.66666666667
SsangYong Korando e-Motion,156.0,8.5,290.0,330.0,40240.0
Mercedes-Benz EQS 450 4MATIC,210.0,5.6,610.0,910.0,115157.0
Skoda Enyaq Coupe RS,180.0,5.5,455.0,680.0,60603.333333333336
Maserati GranTurismo Folgore,320.0,2.7,420.0,980.0,192470.66666666666
Mini Cooper E,160.0,7.3,235.0,360.0,32963.333333333336
Audi Q4 e-tron 55 quattro,180.0,5.4,395.0,590.0,60246.666666666664
Porsche Taycan 4S Plus,250.0,3.7,550.0,1210.0,119749.66666666667
Ford Mustang Mach-E SR RWD,180.0,7.3,380.0,460.0,50976.666666666664
Renault Kangoo E-Tech Electric,132.0,12.6,220.0,230.0,39300.0
Lucid Air Pure RWD,200.0,4.7,565.0,940.0,86500.0
Seres 3,155.0,8.9,260.0,240.0,37995.0
Opel Astra Sports Tourer Electric,170.0,9.3,310.0,500.0,41661.333333333336
Zeekr X Long Range RWD,180.0,5.6,355.0,590.0,44730.0
Mercedes-Benz EQS SUV 450+,210.0,6.8,540.0,680.0,118113.0
MG Marvel R Performance,200.0,4.9,350.0,380.0,51737.5
Dacia Spring Electric 65,125.0,13.7,160.0,170.0,18981.666666666668
Hongqi E-HS9 84 kWh,200.0,6.5,320.0,440.0,69995.0
BMW i7 eDrive50,205.0,5.5,520.0,780.0,112789.33333333333
Audi Q4 Sportback e-tron 45,180.0,6.7,435.0,650.0,54703.333333333336
Audi SQ8 e-tron,210.0,4.5,455.0,570.0,97478.33333333333
Volkswagen ID. Buzz LWB GTX,160.0,6.5,355.0,570.0,76333.33333333333
Renault Megane E-Tech EV40 130hp,150.0,10.0,260.0,370.0,39185.0
Renault Scenic E-Tech EV60 170hp,150.0,8.6,340.0,400.0,41935.0
Porsche Taycan Turbo GT Weissach,305.0,2.2,475.0,1050.0,225400.0
Peugeot e-2008 50 kWh,150.0,9.9,270.0,430.0,38935.0
BMW i7 M70 xDrive,250.0,3.7,490.0,730.0,178330.66666666666
Ford Mustang Mach-E GT,200.0,3.7,425.0,380.0,75680.0
GWM ORA 3 63 kWh,160.0,8.2,340.0,290.0,39742.5
Smart #3 Premium,180.0,5.8,355.0,550.0,44181.666666666664
NIO EL6 100 kWh,200.0,4.5,435.0,630.0,75700.0
Skoda Enyaq Coupe 85x,180.0,6.6,470.0,700.0,51852.5
BMW i5 xDrive40 Sedan,215.0,5.4,455.0,730.0,77913.5
NIO EL7 100 kWh,200.0,3.9,430.0,450.0,96400.0
Hongqi E-HS9 120 kWh,200.0,4.9,460.0,420.0,102995.0
Genesis G80 Electrified Luxury,225.0,4.9,440.0,880.0,69502.5
Opel Corsa Electric 51 kWh,150.0,8.1,315.0,490.0,37173.0
Volvo EC40 Twin Motor,180.0,4.8,400.0,600.0,59547.5
Mini Countryman SE ALL4,180.0,5.6,370.0,500.0,48723.333333333336
MG MG5 Electric Standard Range,185.0,7.7,265.0,320.0,35687.5
Maserati Grecale Folgore,220.0,4.1,405.0,440.0,119602.0
Volkswagen ID. Buzz LWB Pro S,160.0,8.0,370.0,470.0,70333.33333333333
Renault Megane E-Tech EV60 130hp,150.0,10.5,380.0,530.0,43185.0
Citroen e-C4 X 54 kWh,150.0,10.0,330.0,470.0,41110.0
Polestar 2 Long Range Performance,205.0,4.2,450.0,670.0,59475.0
XPENG G9 AWD Performance,200.0,3.9,465.0,1080.0,71394.0
Mercedes-Benz EQE SUV 350 4MATIC,210.0,6.6,435.0,550.0,94318.5
Nissan Ariya e-4ORCE 87kWh - 225 kW,200.0,5.7,405.0,480.0,55941.666666666664
NIO ET5 Touring 100 kWh,200.0,4.0,485.0,700.0,70700.0
Nissan Townstar EV Passenger,132.0,12.6,225.0,230.0,39990.0
Renault 5 E-Tech 40kWh 120hp,140.0,9.0,260.0,340.0,26666.666666666668
Volvo EX90 Twin Motor Performance,180.0,4.9,450.0,590.0,98616.66666666667
Mercedes-Benz EQS SUV Maybach 680,210.0,4.4,490.0,620.0,205804.66666666666
Peugeot e-308 SW,150.0,9.0,300.0,450.0,43195.0
Mercedes-Benz EQS SUV 580 4MATIC,210.0,4.7,530.0,670.0,153739.33333333334
Smart #3 Pro,180.0,5.9,265.0,340.0,37295.0
Volkswagen ID.3 GTX Performance,200.0,5.6,460.0,690.0,52000.0
Fiat 500e Hatchback 24 kWh,135.0,9.0,135.0,230.0,29391.666666666668
Kia e-Soul 64 kWh,167.0,7.9,370.0,350.0,43262.5
CUPRA Tavascan Endurance,180.0,6.8,450.0,670.0,52333.333333333336
Porsche Taycan Turbo S,260.0,2.4,500.0,1100.0,196733.33333333334
DS 3 E-Tense,150.0,9.0,300.0,480.0,39126.666666666664
Fiat 500e 3+1 42 kWh,150.0,9.0,235.0,390.0,36240.0
Mercedes-Benz EQA 300 4MATIC,160.0,7.7,350.0,500.0,56239.5
Lexus UX 300e,160.0,7.5,340.0,170.0,47495.0
Mercedes-Benz EQE 350,210.0,6.4,515.0,650.0,77192.66666666667
Opel Mokka-e 54 kWh,150.0,9.0,290.0,460.0,39993.0
Volkswagen ID.5 GTX,180.0,5.5,430.0,640.0,58270.0
Smart #1 Pro,180.0,6.7,250.0,320.0,34720.0
Mercedes-Benz EQS SUV 450 4MATIC,210.0,6.1,530.0,670.0,124579.66666666667
Citroen e-C4 54 kWh,150.0,10.0,330.0,470.0,40690.0
Mercedes-Benz EQS AMG 53 4MATIC+,250.0,3.4,535.0,800.0,164417.0
Mercedes-Benz EQE AMG 43 4MATIC,210.0,4.2,450.0,670.0,107912.0
Lotus Eletre S,250.0,4.5,480.0,1000.0,117295.0
Citroen e-Berlingo XL 50 kWh,132.0,11.7,230.0,340.0,37669.333333333336
Polestar 3 Long Range Performance,210.0,4.7,470.0,610.0,89080.0
Volvo EC40 Single Motor,180.0,7.3,360.0,560.0,51913.333333333336
Mercedes-Benz EQE SUV 500 4MATIC,210.0,4.9,455.0,630.0,108298.0
Ford Mustang Mach-E SR AWD,180.0,6.2,350.0,430.0,59400.0
Porsche Taycan 4S,250.0,3.7,475.0,1050.0,114533.33333333333
Lotus Emeya S,250.0,4.2,530.0,1230.0,122096.66666666667
Mercedes-Benz EQE SUV 300,210.0,7.6,450.0,570.0,83479.0
Genesis GV70 Electrified Sport,235.0,4.2,350.0,860.0,66202.5
Mercedes-Benz EQE 350 4MATIC,210.0,6.3,510.0,640.0,80206.0
Zeekr 001 Privilege AWD,200.0,3.8,495.0,670.0,68730.0
BYD DOLPHIN 44.9 kWh Boost,160.0,8.0,255.0,260.0,30496.666666666668
NIO ET5 75 kWh,200.0,4.0,395.0,590.0,61100.0
Citroen e-Berlingo M 50 kWh,132.0,11.7,235.0,350.0,36429.333333333336
Peugeot e-3008 73 kWh Dual Motor,180.0,6.4,380.0,440.0,49333.333333333336
Audi Q4 Sportback e-tron 45 quattro,180.0,6.6,415.0,620.0,56513.333333333336
Mercedes-Benz EQE SUV 350+,210.0,6.9,475.0,660.0,89380.5
CUPRA Born 170 kW - 58 kWh,160.0,6.6,345.0,460.0,39648.0
Smart #3 Pro+,180.0,5.8,355.0,550.0,41295.0
Mercedes-Benz EQV 300 Long,160.0,12.1,315.0,320.0,83837.0
Lotus Emeya R,256.0,2.8,470.0,1090.0,145756.66666666666
Mercedes-Benz EQS 500 4MATIC,210.0,4.8,590.0,880.0,135384.0
Volvo EX40 Twin Motor Performance,180.0,4.6,380.0,570.0,61192.5
Smart #1 Premium,180.0,6.7,335.0,520.0,42945.0
Mercedes-Benz EQE 500 4MATIC,210.0,4.7,505.0,750.0,100851.5
Volvo EX90 Single Motor,180.0,8.4,460.0,600.0,83597.5
Volvo EC40 Twin Motor Performance,180.0,4.6,400.0,600.0,62692.5
XPENG P7 AWD Performance,200.0,4.1,460.0,740.0,59894.0
Skoda Enyaq RS,180.0,5.5,435.0,650.0,57085.0
Mercedes-Benz EQT 200 Standard,132.0,12.6,225.0,230.0,48599.0
Porsche Taycan Plus Sport Turismo,230.0,4.8,515.0,1130.0,104674.0
Audi Q4 Sportback e-tron 55 quattro,180.0,5.4,415.0,620.0,62096.666666666664
Mercedes-Benz EQS SUV 500 4MATIC,210.0,5.3,530.0,670.0,136359.0
Fiat 500e Cabrio 42 kWh,150.0,9.0,230.0,380.0,36558.333333333336
Kia e-Soul 39.2 kWh,157.0,9.9,230.0,200.0,32875.0
VinFast VF 8 Eco Extended Range,200.0,5.9,425.0,550.0,53445.0
Mercedes-Benz EQA 350 4MATIC,160.0,6.0,350.0,500.0,59414.0
Nissan Ariya e-4ORCE 87kWh - 290 kW,200.0,5.1,405.0,480.0,68240.0
Abarth 500e Hatchback,155.0,7.0,225.0,370.0,36891.666666666664
Mercedes-Benz EQE AMG 53 4MATIC+,220.0,3.5,450.0,670.0,118023.0
Audi SQ8 e-tron Sportback,210.0,4.5,480.0,610.0,99861.66666666667
Porsche Taycan 4 Cross Turismo,220.0,4.7,505.0,1110.0,109766.66666666667
BMW i5 M60 xDrive Touring,230.0,3.9,415.0,670.0,103990.66666666667
Porsche Taycan 4S Cross Turismo,240.0,3.8,505.0,1110.0,119800.0
Mercedes-Benz EQE SUV AMG 43 4MATIC,210.0,4.3,415.0,620.0,127855.5
Peugeot e-5008 73 kWh Dual Motor,170.0,6.0,365.0,420.0,53666.666666666664
GWM ORA 3 GT,160.0,8.2,325.0,280.0,49490.0
Audi Q8 e-tron Sportback 50 quattro,200.0,6.0,445.0,690.0,73578.33333333333
Mercedes-Benz eVito Tourer Long 90 kWh,160.0,12.1,320.0,320.0,78408.0
Skoda Enyaq Coupe 60,160.0,8.8,355.0,480.0,47420.0
Mercedes-Benz EQE SUV AMG 53 4MATIC+,240.0,3.5,410.0,610.0,144613.0
Volkswagen ID. Buzz LWB Pro,160.0,7.9,335.0,460.0,67333.33333333333
Elaris BEO 86 kWh,150.0,8.0,390.0,290.0,53090.0
Smart #1 Pulse,180.0,4.5,325.0,500.0,46272.5
Porsche Taycan Turbo,260.0,2.7,520.0,1140.0,164233.33333333334
NIO ET5 Touring 75 kWh,200.0,4.0,385.0,570.0,61700.0
Porsche Taycan Turbo S Cross Turismo,250.0,2.5,475.0,1050.0,198066.66666666666
Fiat 500e Cabrio 24 kWh,135.0,9.0,135.0,230.0,33740.0
Genesis GV60 Sport,200.0,5.5,380.0,990.0,60782.5
Fiat 500e 3+1 24 kWh,135.0,9.0,135.0,230.0,30990.0
NIO EL6 75 kWh,200.0,4.5,350.0,520.0,66700.0
Porsche Taycan Turbo S Sport Turismo,260.0,2.4,460.0,1010.0,197600.0
Aiways U6,160.0,7.0,350.0,430.0,48281.5
VinFast VF 8 Plus Extended Range,200.0,5.5,425.0,550.0,59340.0
Porsche Taycan 4S Plus Sport Turismo,250.0,3.7,495.0,1090.0,120649.66666666667
NIO EL7 75 kWh,200.0,3.9,340.0,510.0,87400.0
XPENG G6 RWD Long Range,200.0,6.7,465.0,970.0,50000.0
Porsche Taycan Sport Turismo,230.0,4.8,445.0,980.0,99266.66666666667
Porsche Taycan 4S Sport Turismo,250.0,3.7,430.0,950.0,115433.33333333333
Abarth 500e Convertible,155.0,7.0,225.0,370.0,39891.666666666664
Porsche Taycan Turbo Cross Turismo,250.0,2.8,495.0,1090.0,165566.66666666666
Mercedes-Benz EQV 250 Long,160.0,12.0,215.0,200.0,75282.0
Mercedes-Benz eVito Tourer Extra-Long 60 kWh,160.0,12.0,215.0,200.0,69309.0
Porsche Taycan Turbo Sport Turismo,260.0,2.7,470.0,1030.0,165133.33333333334
Mercedes-Benz eVito Tourer Long 60 kWh,160.0,12.0,220.0,210.0,68398.0
Mercedes-Benz EQV 250 Extra-Long,160.0,12.0,210.0,200.0,76217.0
Genesis GV60 Sport Plus,235.0,4.0,365.0,950.0,70302.5
XPENG G6 AWD Performance,200.0,4.1,455.0,950.0,60000.0
XPENG G6 RWD Standard Range,200.0,6.9,360.0,750.0,45500.0
